ProductID,ProductName,ProductGroupID,Description,Price,StockQuantity,Manufacturer,WarrantyPeriod,ReleaseDate,Rating
451,painting,367,Arrive beautiful have bag accept. Decision my trouble effect early occur.,171,898,Wilson-Erickson,5 years,2024-05-01,1
20,set,181,Moment table more. Amount business movement test he just example affect.,404,10,Benson-Martin,3 years,2020-02-12,3
929,mother,363,Case degree enter find record. Series north consumer present analysis fund might reason.,425,622,"Cruz, Mercado and Gray",4 years,2020-04-15,0
900,pattern,275,Current else customer me green. Forget between job bed ten politics effect between.,700,613,"Gordon, Welch and Peterson",2 years,2020-08-12,2
835,near,366,Where listen late them. Total down affect. Official pass include charge Mr stock.,313,933,"Rivers, Thompson and Williams",2 years,2021-12-29,5
135,next,19,These smile soon capital. Better father get you a. Glass though money serve believe.,473,6,"Williams, Powell and Stark",2 years,2021-04-29,0
558,yourself,171,Keep teach suddenly up.,324,264,Hendricks Group,1 years,2022-04-10,3
80,spring,316,Great theory deep end central. Why ground difficult mind million since second main.,185,191,Drake-Evans,5 years,2023-05-16,9
138,hundred,322,Difficult unit how we six doctor. Brother religious international try sport age middle.,185,222,Hernandez-Cervantes,2 years,2021-11-27,0
279,kind,166,Really stand doctor manager suffer my who. Start class order go.,637,137,Dunlap-Fuentes,2 years,2020-10-21,9
366,rest,479,Part player the sport according see. Population particular quality term executive.,443,185,Evans-Bradford,2 years,2022-05-04,7
272,blood,409,More test word mind kitchen whole. According foot or scientist.,245,566,Weaver-Washington,5 years,2020-11-13,1
271,employee,370,Seek economic painting score. Interesting performance and.,388,654,Jones Inc,5 years,2024-05-27,7
756,section,22,Over coach situation difference never. New red situation American building good each.,623,428,"Nguyen, Morales and Clark",3 years,2020-02-06,5
942,sure,162,Industry soon perform involve thank. Congress movement item laugh firm side.,43,660,Cox-Kirby,4 years,2020-06-08,8
182,doctor,74,Seat glass brother way. Pull herself however center store coach occur.,954,331,Campbell-Beck,4 years,2024-01-27,0
863,hotel,22,Turn teach focus discussion break catch sea ask. Remember while large public group page push.,299,487,"Johnson, Mclaughlin and Alexander",5 years,2022-10-15,6
508,answer,494,Recognize provide huge stuff six person.,595,139,Jones-Johnson,2 years,2020-02-25,6
737,north,252,Spring computer remember against.,964,477,Hanna Group,3 years,2021-11-18,2
291,condition,434,Perhaps bar wrong artist fact pull. General at station play black. Full leader agree may easy.,959,822,Escobar Inc,3 years,2021-08-02,5
85,little,229,Bit light everything improve. Fast past meet Mrs.,705,92,Strickland-Rivera,2 years,2023-11-12,1
996,run,252,Break life later. Section ever agreement happy. Wear music player senior compare yeah last.,229,654,Walker-Mclean,1 years,2022-09-28,1
286,agreement,452,Receive condition very per finish.,854,5,Mendoza-Flores,5 years,2024-01-12,3
904,team,424,Require keep bank. Now middle learn pretty along throw.,318,116,Taylor Ltd,1 years,2022-01-08,1
273,body,255,"Only she team agency. Hit world race expect. Operation try cause.
Number production floor if news.",592,673,Garcia-Farrell,4 years,2023-07-15,0
571,forget,360,Southern democratic before dinner where. Check staff play paper describe.,280,390,Conrad-Martin,4 years,2020-03-28,3
23,entire,105,Almost life into information. Concern young war identify play ago.,631,373,Robles-Wilson,3 years,2023-06-03,6
369,fill,358,Window standard human truth. Mouth probably cover reduce certainly.,991,695,Miller Ltd,4 years,2022-08-10,8
665,nation,365,Ago Republican population. Office actually campaign instead theory. Current customer nature better.,861,933,Nelson and Sons,2 years,2020-12-19,0
180,now,465,Remember college join bed feel. Report plant piece everyone.,669,878,Patterson-Simon,2 years,2021-04-08,1
940,behavior,348,Political science of hope. Hand improve when street. Return vote point represent heavy look.,704,791,Guzman PLC,2 years,2023-05-30,6
530,care,279,Group lawyer real. See article design three. Image society from support fall.,158,994,"Riley, Johnson and Bass",5 years,2024-05-02,8
452,provide,100,Sense cost right account result per. Doctor bill certainly.,194,290,"Jones, Brown and Matthews",3 years,2022-12-29,7
59,forward,205,Exactly control each address law. Research surface blue operation buy third.,244,301,Garza-Brown,3 years,2021-10-22,4
982,notice,106,Trade million marriage paper in guess big. Television however reduce two.,312,604,"Montoya, Arnold and Allen",2 years,2024-03-05,6
204,name,252,American dream front gas teacher those. Medical book skin by themselves girl market.,2,668,Hoover-Lee,4 years,2021-06-13,1
635,show,486,Happen sense responsibility simple. Visit music church own value adult.,430,328,Price Inc,4 years,2023-06-25,8
185,unit,152,Choice throw claim important share goal computer center.,531,214,Perez-Bailey,2 years,2020-07-02,2
838,trial,440,Behind try sign notice culture stand. Husband indicate network and throughout catch.,210,245,Douglas-Archer,1 years,2021-08-25,7
754,ever,497,Night structure old later. Opportunity by before turn prove a resource.,777,715,"Li, Wilkerson and Sherman",2 years,2023-03-30,9
857,thought,171,Under deal chair think administration sister could. School voice will factor.,498,803,Wallace-Ellis,2 years,2022-02-15,5
820,party,78,Attention natural up. Show energy easy score. Its new first reflect appear close economy.,125,327,"Perkins, Gonzalez and Reyes",3 years,2021-05-14,2
15,future,244,Interest wall fast whose. Especially audience try large. Care see stock per consumer fast.,919,502,Li Group,5 years,2022-05-08,6
957,capital,67,Environmental large not. Floor city learn. Use box care name professor.,606,433,Robinson Ltd,3 years,2024-03-19,5
408,hair,486,Person sort population. Question production pressure TV music appear necessary claim.,842,749,Smith Group,5 years,2024-05-28,0
970,low,300,Sister give development strategy everyone.,359,940,Anderson-Gardner,1 years,2024-01-01,0
922,over,43,Which tend single sense. Through gas fast such.,411,613,Campbell Inc,4 years,2021-06-06,9
9,if,354,Fight collection memory skin. Entire language task of green affect price possible.,55,744,Fernandez PLC,4 years,2024-04-08,3
537,study,156,Imagine economy have step want.,106,380,"Jackson, Green and Smith",3 years,2023-10-10,8
576,answer,187,Far beat control girl. Power here activity number change seat. By strong entire agree.,508,591,"Holmes, Bryant and Banks",1 years,2024-03-10,4
875,discussion,498,Water herself evidence girl. Six receive shake unit east board raise push.,88,94,Duffy-Rivera,3 years,2023-01-16,1
275,certainly,400,Order really while arrive prevent. With state politics country.,239,323,Douglas-Wallace,2 years,2023-06-04,2
695,throw,301,Security they number hundred church fire. Build forward growth above word.,792,521,"Thompson, Harrell and Jones",3 years,2021-01-05,1
783,behavior,51,Top could structure very he sort. Traditional space child candidate hospital since.,862,28,Kaiser and Sons,1 years,2020-04-30,4
346,discuss,292,Experience set perform their. Forget analysis pressure material interesting product place.,87,465,Tyler-Klein,5 years,2024-05-24,5
619,material,73,"Since agree season buy television.
Know radio who campaign.",886,902,Lee-Potter,2 years,2020-08-27,0
741,everything,250,Card place both likely voice factor. Forget small total. Paper with enter floor detail power.,411,797,Combs PLC,3 years,2020-04-20,7
73,after,311,Form think cover turn generation offer. High toward every meeting social down.,636,998,Velasquez PLC,2 years,2022-02-03,1
790,activity,166,Help sort local term personal.,680,463,"Ruiz, Moore and Holloway",2 years,2023-12-25,1
776,fly,373,Movement age two would. Officer quickly bed as.,678,191,Jones-Ray,3 years,2023-04-16,3
471,enough,452,Two light other marriage day central and. Positive nice over learn.,255,906,Johnson-Gilbert,4 years,2022-02-19,6
882,guy,95,Foot six upon life outside room account.,563,160,Mills Inc,3 years,2021-04-12,6
417,old,366,Of agency current. Which dog article speech east.,634,916,"Rowland, Jackson and Nelson",5 years,2020-02-25,7
808,wall,57,Matter state leader process brother its science answer.,397,749,Johnston PLC,3 years,2022-01-06,9
294,consider,426,Cut reach north fish. Me fine my least artist. Kid his piece rise rest kid.,960,203,"Cruz, Todd and Sanchez",5 years,2020-06-12,0
992,protect,363,Pressure upon lay time color white. Issue win agreement history.,802,229,"Shea, Tran and Woods",1 years,2024-04-10,2
302,street,100,Tough challenge stuff buy finish out group. Analysis able current.,346,785,"Fuller, Clark and Taylor",3 years,2020-03-07,7
386,many,293,Only notice investment can hair. Picture among stuff. Low arrive yes along a.,840,625,"Hernandez, Duncan and Marshall",2 years,2020-07-28,6
779,those,252,Situation conference effect think seven stop. Computer identify budget similar.,905,941,"Perry, Mcclure and Harding",5 years,2020-07-01,1
112,treatment,354,Exist argue everyone across style this end. Work blue force whom try.,923,774,Hunter Ltd,3 years,2020-12-09,9
577,various,87,Republican rule senior week research at. Blood game change gun. Lay strategy able.,248,789,"Saunders, Nash and Cooper",2 years,2023-12-06,1
644,firm,316,Key deal quickly his. Away girl threat spring threat beyond six. Group again hospital win.,543,86,"Craig, Mendez and Walter",1 years,2020-03-28,3
724,story,211,Discuss have stand shake. Pass quality piece research hot myself suffer.,959,184,"Richards, Pearson and Shaw",3 years,2021-12-01,5
944,management,242,"Of tell yourself be.
Large and quality describe. Later during follow seven participant popular.",834,791,Blankenship Ltd,3 years,2020-03-25,5
976,difficult,255,Condition where water board former. Stay approach from.,758,164,"Harris, Johnson and Hudson",4 years,2022-01-08,4
925,enough,426,Free western our full I. Customer quality table. Say company rather evidence.,920,675,"Gonzalez, Flores and Taylor",5 years,2024-02-24,2
994,public,95,Simply star do suddenly question. Compare bank recent hot glass during down possible.,151,630,Perez-Johnson,4 years,2020-01-15,3
212,night,248,Ok finally practice response security. End yourself which simply fill economy family off.,169,507,Hernandez Inc,2 years,2023-12-16,2
490,investment,154,Debate then now Mrs student. Whether dog street whom.,760,950,Wagner LLC,3 years,2022-11-22,3
609,whatever,341,Body argue feeling take close scene there. Century like beat environmental strategy.,26,703,"Joseph, Clark and Arias",3 years,2024-07-02,7
676,pressure,74,Ask its food offer away study. Own he institution ground national professor.,379,453,Lee-Jones,3 years,2024-02-28,1
793,answer,424,Wear couple our son event campaign wind. Visit indeed door mouth girl.,959,671,Miller-Collins,5 years,2024-04-13,7
555,leave,334,Never film themselves surface he. Way physical people morning they everything.,17,434,"Mitchell, Stephens and Graves",4 years,2024-06-14,1
961,federal,385,Idea might ability president bring. Box there democratic listen this discover.,116,198,Howard-Decker,2 years,2022-04-05,2
314,newspaper,405,Accept house current ball appear finish type.,732,11,Miller-Martinez,3 years,2021-05-29,9
120,style,159,Join huge fund most scene tend back. Visit thought institution issue often may indeed remain.,441,372,Stewart-Jackson,4 years,2023-02-09,8
614,subject,461,"That movement none.
Onto buy month size information story enjoy.",216,507,Short Ltd,3 years,2020-11-30,6
111,relationship,26,Food remember game civil able. Bar success away building decade step check.,578,942,Collins Inc,1 years,2023-07-05,0
891,anything,18,Usually reality sometimes nice rule perhaps. Yard test have truth. Line hear avoid this daughter.,842,506,Gutierrez and Sons,2 years,2021-11-29,3
561,voice,170,"Civil eight exist.
Investment idea face claim realize moment. Week sense response lead day.",596,94,Melton-Anderson,3 years,2021-08-28,8
569,pay,2,Young near loss increase TV. Determine notice air its late cause job hit.,45,794,Stevens-Odonnell,4 years,2021-12-19,4
700,one,334,Machine blood good series miss possible. Set involve medical might both pull hit.,715,399,Black-Rollins,2 years,2021-10-03,2
308,sing,353,Couple message ability test into entire. Own require ball send.,324,316,"Warren, Murphy and Mcintyre",2 years,2021-06-30,9
998,improve,205,Bring outside where. Head build pretty sea article suggest compare.,586,823,"Edwards, Hale and Nelson",3 years,2022-03-24,2
818,specific,109,Else understand build per yard generation prove. Might detail military also imagine.,236,203,Briggs LLC,2 years,2020-12-21,3
513,chance,411,After against shake already effect her. Impact impact cup while.,300,111,Berry-Kelly,3 years,2023-02-12,4
850,inside,166,Soon four inside study institution. Address eight however significant wind.,200,284,Bowen-Santiago,5 years,2022-04-20,1
973,difference,146,Far blue card far during candidate believe those.,333,692,Obrien-Watkins,4 years,2022-07-14,9
469,first,403,Field box theory test. Kid evening official successful marriage. Head ability fight pretty.,767,613,"Simpson, Carlson and Oneal",5 years,2022-05-12,4
157,tend,437,Away almost sense success financial. Edge board individual analysis personal base.,485,996,"Mcdonald, Long and Johnson",5 years,2020-04-16,0
930,race,270,Hair child skill old responsibility will school. It half model six alone.,263,570,Le LLC,1 years,2021-01-13,3
631,religious,479,Matter pretty my I happy recent hand animal.,966,233,"Chambers, Gonzalez and Jones",2 years,2021-06-02,9
149,strategy,304,Head very involve go yeah shake its. About drive green. People measure class it.,325,64,Davis Group,3 years,2020-11-13,0
61,huge,9,In particularly behavior sell. Go other suddenly.,776,250,"Mayo, Wu and Contreras",3 years,2022-05-13,5
385,present,438,Choose fact hair right resource continue. Ready improve new north well.,396,212,Valentine PLC,5 years,2024-05-11,0
541,TV,480,Ever ago house certainly sing. Identify main vote wife letter second television administration.,958,224,Howard and Sons,3 years,2022-04-16,9
462,stock,108,Moment forward occur during successful Mrs already media. Rock make kind his alone often member.,11,584,Horne-Smith,2 years,2020-09-21,7
373,time,73,Seat fire go name everything unit painting position. A degree no occur rate fall must.,739,890,Carpenter-Delacruz,3 years,2021-03-13,8
746,national,70,Each discover part effort. Establish able quality watch blood arm movie.,57,336,Salazar-Oneill,3 years,2023-02-28,0
1000,social,439,Ever choice author book road. Agency start growth big since.,725,856,Phillips-Graham,5 years,2022-09-19,3
761,theory,411,Organization performance song. Central control various yard hotel. Born concern be resource.,238,78,Cabrera LLC,3 years,2020-08-17,2
429,child,382,Direction Congress total performance behavior. Actually ask dinner.,878,964,"Smith, Martin and Jackson",2 years,2020-10-27,1
824,north,100,Want time big. Out language agree enjoy.,300,338,"Trujillo, Dorsey and Davenport",4 years,2023-09-05,2
560,do,18,"She call lead couple it. Campaign majority actually color wrong difficult.
Card level war.",938,229,Nelson-Nichols,1 years,2023-04-02,2
217,employee,438,Word hour home improve arm. New mention thought street.,933,555,Mendez-Wong,5 years,2022-10-22,5
87,important,80,Resource main himself production individual fish. Unit wait blood it nearly right.,261,906,Vega-Barrett,4 years,2023-09-24,8
482,hear,81,Serious usually read. Night here why.,738,960,Kelley-Cook,5 years,2022-06-06,1
198,surface,251,Set way discussion letter prevent. Bag anything response lay bit hundred return.,223,27,"Swanson, Perez and Kaufman",5 years,2020-02-16,0
734,teach,229,Truth air relate action. Form radio process. Deal cut mean from democratic carry federal.,257,205,Martinez-Salazar,1 years,2023-12-17,4
86,in,114,Reflect citizen that serve deal. Sort federal behavior focus. Store people approach vote direction.,300,834,"Dodson, Sparks and Navarro",2 years,2021-10-03,1
755,up,498,Strong yard baby test growth help interesting each. Of dream them huge water team.,74,85,Cruz Group,3 years,2020-12-02,9
328,national,471,Far to chance real. Heavy prevent arm everything. Large move expect kid avoid.,568,545,Huerta Group,2 years,2023-10-11,5
491,position,334,Fish gun animal team. Money try girl agency behavior.,159,602,"Owens, Bell and Hernandez",1 years,2020-03-17,4
585,candidate,375,Visit remain large morning. Laugh event relate break because me.,24,567,Wilkerson-Walker,4 years,2021-10-13,8
331,manager,140,Series begin economy. Still occur board explain memory.,641,774,"Lynch, Miller and May",4 years,2023-04-18,0
712,audience,166,Network arm individual along table process during. These beautiful air memory local.,223,420,"Walker, Peterson and Foley",1 years,2021-01-06,6
906,education,87,Resource interesting adult administration probably. Action inside later. Tonight very newspaper.,677,150,Hill-Myers,2 years,2024-03-03,4
83,system,499,Land most trade and. Region produce cover gun. Media here left serious none tend.,811,669,Alvarado PLC,2 years,2020-02-04,1
895,positive,334,Senior member his media character two. Me fear student adult system.,926,287,Wilkerson-Shelton,3 years,2021-11-15,5
671,student,371,Onto house maintain whole economy paper.,12,458,Tyler-Johnson,2 years,2020-08-15,2
174,radio,414,Blue book laugh wall. Ever nor task generation property answer.,366,977,"Hall, Stewart and Martin",1 years,2024-03-18,2
397,real,358,Maybe when shoulder may. Should win daughter.,455,315,Ayala-Anderson,3 years,2021-01-22,0
977,could,78,Walk during coach later only next. Season between pull blue fight.,82,888,Wise-Oneal,1 years,2024-04-13,7
162,walk,104,Walk so finish high stand across food. Visit son member middle I herself.,638,697,Aguilar Ltd,4 years,2020-03-21,0
758,it,228,Per listen author lawyer music. Control system edge but between need.,219,451,Ferguson Inc,1 years,2024-02-15,0
489,personal,358,Theory after hundred shake Congress budget build. War door treat.,456,539,Singh-Smith,3 years,2023-03-14,1
593,country,450,Both international make plant chair.,400,296,Foster Inc,2 years,2023-05-11,2
646,anything,360,Because where head phone his. Economy perhaps building total visit will. Action job certain around.,295,481,"Good, Flores and Hull",1 years,2024-02-27,2
743,news,465,"Article win now land store right medical. Space least nice consider field.
Two high woman big.",331,74,Jimenez-Brown,2 years,2021-02-26,1
300,west,384,Help seem commercial spring. Piece common raise lawyer method we election.,963,265,"Bird, Clark and Silva",5 years,2023-10-25,1
598,room,441,Picture beat west build indeed hope dark. Act factor various matter value foot.,58,964,"Fernandez, Mitchell and Bolton",4 years,2022-09-28,1
172,collection,19,College international friend general tonight. Necessary wrong design very hear.,946,523,Johnson-Henry,5 years,2022-06-28,1
974,senior,477,Hour with kind once.,520,723,Jackson and Sons,2 years,2021-05-25,8
771,ten,13,Then find ask spring. Civil must recognize finally.,384,181,Cox-Yates,4 years,2022-06-16,7
441,I,131,She along six three. Analysis with also cell here feel wall.,18,807,Boyd-Pennington,4 years,2022-01-24,8
834,commercial,70,Whole wind eat military ask central red. Surface instead present mouth not she place act.,417,76,"Montgomery, Mcneil and Floyd",4 years,2023-05-11,6
608,before,94,Sister thousand soldier into cut. Time couple interest. Artist say employee nearly.,556,12,"Perez, Thompson and Hernandez",4 years,2024-03-20,8
257,out,57,North wall past foot. Difficult Congress recently again.,747,370,"Murphy, Dixon and Romero",1 years,2021-05-07,1
669,fund,460,Improve production where. Trial buy ready mouth choose hard play.,106,212,Torres LLC,1 years,2023-10-14,8
941,approach,187,Great rest prevent guy. Myself fall contain kid picture heart power collection.,7,367,Collins-Smith,5 years,2020-03-01,1
648,should,497,Nearly first for listen tree. Same list campaign hair. Between ten series anything present see.,975,469,Wilson-Bell,2 years,2024-02-01,9
287,within,242,Ground foot street administration recognize charge air free.,741,996,Ortiz Group,4 years,2022-10-13,5
16,risk,292,Certainly market present next international red since. Mrs data two executive success television.,495,589,Robertson-Mccullough,5 years,2020-04-24,2
539,local,209,Ready activity couple owner throughout education important crime.,308,231,Santiago Inc,4 years,2020-09-14,6
533,development,283,Cut upon assume stand process last budget.,949,276,"Roberts, Myers and Freeman",2 years,2021-07-05,9
715,feel,369,Page begin effect.,893,978,"Richards, Schmidt and Pham",2 years,2021-10-10,0
17,realize,355,Open store future run well. Trip same class hour instead which community.,242,766,Pollard and Sons,2 years,2020-06-24,2
697,similar,91,Now must beautiful nature. Few high before bad actually something.,95,895,Garrett-Martin,5 years,2023-02-20,0
422,imagine,455,Performance treat responsibility matter. Also fill environment whole sense significant phone.,713,722,"Anderson, Anderson and Hill",3 years,2022-05-03,7
210,affect,123,Recognize executive rather our particular training. Television thank fish five.,433,650,Bright PLC,1 years,2021-04-04,1
499,happy,494,Trial argue clearly Mr federal music computer live. Party large tough president example pass TV.,478,343,Duarte-Guzman,1 years,2024-04-08,4
81,maintain,13,Throughout president kitchen risk. Unit coach cultural page Mrs military. Form bad why she.,761,648,Robinson Ltd,3 years,2022-12-30,0
500,day,409,"Hour return myself these course.
Western door understand green.",973,919,Mills-Kelley,3 years,2022-07-03,0
554,general,88,"No spring a television.
Police cultural edge foot expert seek.",447,814,Craig Group,3 years,2021-09-28,5
605,television,145,Business human democratic nothing brother someone American away.,160,915,"Jones, Higgins and Young",5 years,2022-02-02,5
641,study,290,To per weight against. Join risk hotel week memory run born city. Hear should suggest cut.,187,343,Nelson-Meyer,2 years,2023-06-04,1
975,recognize,413,Generation hair by likely claim final doctor. Probably huge truth next lose.,828,313,"Young, Drake and Rhodes",2 years,2023-08-06,5
102,individual,242,Fill series suddenly ago event word speak. Really threat factor clearly wait.,315,328,Sharp Group,2 years,2020-07-21,9
322,management,91,Lot article sea author house pass. Sing five support cold just even mention.,26,856,Joseph Group,4 years,2021-07-09,5
438,woman,370,Ahead pay TV worker challenge few clearly. Current never message. Role computer executive.,164,786,Blake-Mitchell,2 years,2023-09-19,1
823,better,256,Buy specific data. Do focus else east. Kind account on low.,952,467,Gomez-Chan,5 years,2021-09-20,5
317,specific,238,Garden explain might political. Create he especially woman.,519,520,Harris Group,1 years,2020-07-29,2
951,star,301,Perhaps control style listen organization main test. Conference represent court training.,995,862,"Mcdonald, Howard and Stevens",5 years,2020-12-25,6
324,window,26,Pretty decade brother mention fact. Possible run morning debate possible strong national election.,572,808,Jones-Baker,2 years,2020-05-07,3
564,entire,100,Score in positive understand kind few conference.,239,915,Downs-Santos,5 years,2020-03-25,5
723,recognize,372,Game upon yourself resource feeling out forget. Picture cover develop perhaps.,651,438,"Davidson, Baker and Perkins",4 years,2020-12-30,7
274,building,353,Wide where expert wear. Sound drop remember dog physical control. Home religious conference worry.,750,552,James-Lewis,5 years,2021-11-19,5
905,such,205,Foreign yard give item. Final any out industry. Night last team exist region.,504,418,King-Keith,4 years,2023-09-08,0
594,address,241,Staff effect team action international pass section. Arm company onto inside return.,121,207,Graham Inc,5 years,2023-02-21,4
494,reason,81,Movie require response marriage value reveal. Professor enter build fine service Congress.,898,748,"Golden, Freeman and Orr",4 years,2020-10-26,8
860,trouble,330,Marriage seek lose once trip. Seat bring camera state chance.,318,244,"Rush, Herrera and Ball",2 years,2020-07-22,4
924,fly,353,Create different send most. Clear successful mean after performance manage.,664,318,Mcdonald-Gilmore,3 years,2020-03-15,0
689,throw,379,Its reason agent within adult security thank.,456,899,Foley Inc,2 years,2020-05-15,7
968,article,368,Affect street federal tell half room. Capital too black player week.,235,30,Thompson PLC,4 years,2023-09-14,3
804,fast,329,Heavy environmental late enter fact media. Size president anything yes player.,592,616,West-Cruz,2 years,2020-04-11,1
351,large,350,Agree mouth pull environment source.,972,101,Jackson PLC,4 years,2022-12-31,5
435,skill,108,Indeed building thousand general campaign market customer.,124,719,Jones-Carney,2 years,2023-03-17,3
349,event,355,Program year free month really gas. Finish mean study pass clearly.,985,879,Williams LLC,4 years,2021-11-16,7
725,tough,48,Wind who office difficult agent without. Time more single see.,657,276,"Howard, Coleman and Thompson",4 years,2023-06-28,6
348,left,218,Foreign make decide there artist central employee home. Ability which city although difficult key.,419,152,Christian-Clarke,5 years,2023-10-03,9
208,each,270,Speech thus he about. Morning everyone even arrive candidate.,927,427,"Elliott, Johnson and Hicks",4 years,2020-04-26,4
325,money,245,Deep some company.,89,260,"Allen, Rodriguez and Gaines",3 years,2024-06-03,7
428,budget,396,Customer deal only find big. Trouble part anyone plant two behavior day. Capital there fall.,290,898,Andrews PLC,3 years,2023-12-26,7
290,certainly,449,Huge many voice notice tend. Impact reality year information. To follow later second trip sing.,885,120,"Johns, Hudson and Smith",5 years,2024-02-03,4
926,allow,2,Fill center front exactly. Government red light big. Well far risk there.,606,701,"Thomas, Cunningham and Curry",4 years,2021-11-05,0
910,big,148,Street pick all black station. Million other task much.,46,998,"Henry, Blanchard and Sullivan",4 years,2020-05-14,2
710,half,214,Wrong almost memory form law establish never. Population officer relate into age.,486,121,Montgomery-Smith,2 years,2024-05-01,7
956,issue,162,Who research enter international majority. Shoulder with back.,94,599,Walker Group,2 years,2024-04-06,8
306,contain,430,Tv get sea still issue without. Behavior change since toward. Avoid left item wife why.,831,244,"Whitaker, Harris and Peck",2 years,2022-12-12,9
191,both,65,White upon nice class since. Stop base name however realize together.,726,228,Bradshaw and Sons,1 years,2022-03-26,4
522,eat,264,Over blue very. Wrong anything such improve report relate.,538,699,Bass-Ward,3 years,2021-05-22,1
270,ball,55,Interview seem bring various magazine program. News play they political.,259,564,George-Sandoval,1 years,2022-12-21,7
822,chance,395,Bag prove special company sure city. Human factor or list.,585,830,Chase Inc,4 years,2022-08-03,4
74,check,422,More American attention pretty friend our. City yes series both.,669,777,Duncan LLC,2 years,2021-05-16,1
670,middle,413,Good another few under three cut. Civil station century heart between better no.,536,437,"Wilson, King and Brown",2 years,2021-08-06,8
480,rate,45,Clear word animal water join event thank. Social community group address.,161,76,"Davis, Jones and Stone",1 years,2020-12-09,3
709,within,171,Dinner color development among red. Truth adult anyone letter bag day degree finish.,283,739,Moss LLC,5 years,2021-09-04,2
572,or,438,Woman town thousand improve.,822,407,Hart-Mills,1 years,2022-11-28,4
258,itself,95,See none girl chair in my. Artist learn test.,114,174,"Roberts, Ramirez and Wilson",5 years,2021-05-11,3
559,ball,242,Tend sign plan compare bring happy. Office think show walk suggest great.,737,486,Michael Group,4 years,2020-03-19,0
292,ok,55,Western away trouble writer. New may health deep clear.,220,805,Hogan-Smith,1 years,2023-12-09,5
240,long,368,Under thing worker once.,834,194,Carter Ltd,3 years,2021-04-17,7
606,among,283,Window ahead build home.,731,55,Stokes LLC,4 years,2020-06-29,1
859,almost,264,Into security always security occur. Carry cultural much contain traditional.,366,528,Taylor LLC,5 years,2023-03-28,0
39,when,465,Without boy institution above appear. Under against artist we difficult.,200,694,Gibbs LLC,3 years,2022-08-22,5
883,understand,329,Area actually main cup he. Style truth learn piece site.,822,877,Oneill-Gonzalez,2 years,2020-08-15,9
997,statement,74,Machine country defense nothing big. Account help area about order.,677,100,House-Paul,2 years,2022-10-07,0
167,then,290,Society across part lawyer. Word forget industry program role tree admit.,347,444,Perez-Rivas,4 years,2021-03-08,5
501,group,441,Nature analysis prepare require watch. Or smile natural Mrs arm college person.,50,894,Mayer LLC,5 years,2022-09-17,0
207,indicate,166,Daughter these real unit lay.,544,719,Guzman-Vazquez,5 years,2023-04-11,5
868,significant,13,He practice better item create add. Job training address education.,443,557,Bryant Inc,4 years,2021-06-18,0
886,red,294,These citizen political much subject. Great address compare month send chance meet.,939,420,"Burke, Doyle and Young",3 years,2021-10-12,5
744,involve,91,Activity tend explain five pretty rock.,399,484,"Chambers, Brown and Walker",4 years,2021-06-26,0
41,society,187,Theory turn and real production. Mission bank practice these.,486,407,James LLC,2 years,2020-12-16,1
159,although,465,Hit hard per service performance event. Hold also itself your according. Address likely begin.,427,498,Flores Group,1 years,2020-03-20,2
813,story,79,Trade movie trial. Sing operation woman billion develop. Star school field space later if.,780,9,"Hensley, James and Moses",1 years,2022-02-05,1
214,music,125,Mind no ground believe loss. Maybe produce purpose agency. Effort energy of yes movie either.,950,250,Reyes and Sons,1 years,2022-11-06,1
803,best,264,Woman face eye popular before environment something.,626,107,Avery-Ramirez,5 years,2020-11-20,8
35,set,396,Detail rate huge people. Hope increase rest feeling skill feeling.,611,136,"Mullen, Coleman and Ellis",1 years,2020-04-13,9
183,evening,363,Compare remain approach third security pay region dog.,608,584,Espinoza PLC,1 years,2023-05-05,9
839,his,322,Resource hospital street president place big. Next realize either though require song some through.,493,242,Ball-Porter,3 years,2022-01-05,2
330,enough,486,Space someone case under model above baby.,199,548,Jacobson Group,5 years,2020-10-23,7
531,age,156,Read join nice direction white art everything least. Create bill maybe him.,375,427,Foster-Chung,1 years,2022-05-23,1
752,glass,9,Identify group travel manage. Democratic common political tell.,434,675,Davidson Group,5 years,2022-11-02,7
691,science,283,Data fly themselves room Republican its. Old leave author economic.,48,540,Simon LLC,3 years,2020-04-06,7
229,under,123,Decide late per and. Letter whom history score.,610,821,"Quinn, Knight and Baker",2 years,2022-06-11,6
296,study,80,You staff positive direction first third himself. Buy trip something environment herself.,23,575,Fuller PLC,2 years,2023-10-06,8
136,project,131,Official whatever finish.,680,927,"Preston, Matthews and Bradford",3 years,2023-12-16,9
946,there,370,Short middle product race. Discover step charge.,980,323,Dixon-Salazar,3 years,2022-08-19,1
888,place,403,National sense run be. Business approach black cup teach sea week. We center range.,946,278,"Kelly, Santos and Walters",4 years,2022-08-30,4
636,wonder,271,Allow evidence along peace information detail old. News drug feel minute.,811,5,"Tyler, Miller and Castaneda",3 years,2021-08-06,3
372,area,250,North activity myself down lose run single. Half instead me management.,866,313,Boyd-Brown,5 years,2022-12-12,9
902,final,181,Within among answer scientist.,511,944,Brooks-Miles,4 years,2020-06-17,7
496,forget,45,Power full natural something. Daughter create everything look possible hair. Either work eye.,467,626,Guzman and Sons,2 years,2023-04-03,1
108,speech,405,Identify these home. Up five consumer per bring effort.,418,383,"Smith, Obrien and Wright",1 years,2023-09-13,5
759,according,9,Share trade everybody speak we truth. Line per source. Pattern then week government eight.,969,504,Braun-Sosa,1 years,2021-06-17,6
409,loss,439,Trade name let. Inside find agree night. Total tend less.,385,783,Patterson LLC,1 years,2020-04-15,8
368,necessary,104,Hour cultural everybody election reveal character market.,518,951,Rodgers Inc,2 years,2022-02-22,2
339,at,500,Structure people feeling. Run water sense particularly edge.,587,111,Boone-Brown,4 years,2020-06-24,9
430,power,108,Firm situation stage need peace.,24,471,Clay-Evans,5 years,2022-06-09,5
226,indicate,279,Movement yourself wait citizen hotel front. Discussion detail attack these enjoy task.,108,373,"Cunningham, Leon and Williams",1 years,2021-04-23,5
534,need,88,National civil other dog new year. Election attorney real approach especially along.,405,990,Ray LLC,4 years,2022-02-21,8
862,heavy,270,Allow sea Democrat kind new degree.,512,140,Jacobs-Williams,4 years,2020-12-28,7
476,fish,400,"Recent anyone perform chance. Career near point hold.
Unit add east area these.",943,640,"Harris, Cooper and Cruz",4 years,2024-02-06,9
446,various,2,Especially reach show last feeling. Participant democratic give answer on bag share property.,623,35,"Turner, Smith and Bailey",5 years,2020-06-30,0
99,year,455,"Music capital be.
Focus second claim. Leader change street within say growth.",956,419,"Burke, Baker and Dawson",5 years,2020-02-09,2
381,reason,434,Financial itself threat make trade garden safe. Season ready off relationship during middle.,9,575,"Russell, Crawford and Young",1 years,2021-07-28,0
344,relationship,36,Around white behavior heavy. Money bar coach hear.,462,168,"Garcia, Vargas and Weber",3 years,2023-05-01,4
105,push,9,Bed some clearly performance teacher they. Hard as thus create store door.,50,156,Pacheco-Brandt,2 years,2022-11-14,7
154,visit,466,Thank level itself you. Political why drive player style price throw.,659,485,Walker and Sons,2 years,2024-04-19,0
908,actually,238,Indeed ever recognize live have let. Cultural boy land test.,372,65,Hall Inc,1 years,2021-07-03,4
774,personal,230,Be pick need identify. Official total beat anything compare to. Per picture six teacher say.,113,464,Miranda PLC,4 years,2022-02-14,7
819,carry,354,Question yet similar animal protect do operation game. Shoulder human piece surface if.,145,261,Byrd-Perry,1 years,2021-09-05,2
404,result,257,"Agency fly every suffer change billion well.
Skill trouble evidence night.",875,735,Ford Group,2 years,2022-12-07,8
764,able,114,Sort what why drug garden beat management soon. Value head interview address age free.,18,581,Henry-Pearson,5 years,2021-01-30,0
493,process,222,Special particular we deal idea detail. Admit able still maintain fight boy. Ever military air.,973,989,Bennett Inc,1 years,2020-12-18,4
814,in,187,Model may cell not. Order me set voice apply appear prevent. Campaign final performance major loss.,373,395,Merritt-Snow,4 years,2023-04-13,9
664,important,145,Herself performance we range house do school. Occur artist audience almost just.,124,795,Gutierrez Inc,2 years,2020-06-24,2
964,wait,375,"American sometimes significant stage receive. Mouth painting lay.
Guy heavy be man front child.",182,791,Mccoy Ltd,4 years,2023-06-24,4
867,develop,471,Book learn body forget arrive. Leave quality ever born let sit away report.,170,534,"Goodwin, Anderson and Taylor",5 years,2020-12-18,4
993,by,112,Executive author lot back.,150,799,Vega-Vasquez,4 years,2020-10-07,3
36,rock,403,Record or be season travel none above lawyer. Source pattern very action current.,74,526,David LLC,5 years,2024-01-14,5
211,language,23,Buy friend debate analysis young bad with. Use no meet for nature.,12,514,Ayala LLC,1 years,2022-01-01,8
454,fly,88,Fire record same term center choose individual. Source her address.,536,591,"White, Carlson and Benitez",3 years,2024-06-11,5
856,so,2,Big smile onto attention poor phone. Enough trade yet company book assume activity.,43,611,Hatfield Group,1 years,2022-11-07,4
632,country,244,However eat explain up the everything million. Federal inside city model fast decade thousand.,670,966,"Davis, Johnson and Garcia",1 years,2020-04-19,8
393,our,197,Foot product number necessary exist turn. Language gas choice plan.,935,849,"Brown, Brewer and Taylor",2 years,2023-05-23,2
731,another,366,Fight military network style name sister during. Candidate capital walk recent me training.,403,65,Mcgrath-Washington,2 years,2023-11-03,1
152,laugh,91,Black hour team poor and. Explain majority machine to low discussion part let.,450,780,"Strickland, Arroyo and Martinez",3 years,2020-12-29,4
858,we,384,Meet small region center red check. Know floor certain hundred goal recent understand.,711,422,White LLC,5 years,2022-06-05,5
134,anything,114,Power key whether stay. Rest return and plan. Interesting just very deal defense third capital.,889,98,"Moore, Collier and Malone",3 years,2021-01-09,1
244,family,300,Finish note worker Mr avoid candidate. Light place election.,71,582,Jones Group,3 years,2023-04-25,5
464,crime,439,New music base. Defense reduce animal network food sister.,399,709,Moody and Sons,4 years,2021-03-23,3
596,physical,499,Decide fish unit democratic compare pretty. But bed maintain. Believe friend begin from media.,409,843,Colon-Fischer,1 years,2023-06-12,2
787,city,55,Science back ask house position have different. Bit good friend yard each.,182,207,"Lloyd, Blair and Trevino",1 years,2022-10-14,1
874,knowledge,73,Share character down resource anything. Seem case system decide serve hour.,607,76,"Sutton, Bauer and Santana",3 years,2021-09-14,6
909,everyone,271,Article note new choice term skill later. Sell per local thus. Such agree truth gun.,591,425,"Berry, Lynch and Baird",5 years,2022-11-01,9
466,hot,109,Meet American with loss.,836,882,Hansen Group,2 years,2024-02-22,7
218,them,449,Positive resource song. Trip receive wife guess. From east writer but paper girl.,829,508,Sampson Inc,3 years,2020-04-12,7
943,industry,230,Guess begin able anyone. Discover campaign thus son agree. Add rich hear bit.,192,124,Mcdonald-Stevens,4 years,2023-11-06,3
611,life,373,Send eight manage suffer. Member compare door energy national nation. Field director unit full.,505,507,Mays PLC,5 years,2021-02-24,9
215,direction,248,Send oil material better TV available agency doctor. Word teach bed number keep east read by.,221,671,Johnson LLC,5 years,2023-05-22,3
337,matter,319,Language main affect plant.,645,269,Johnson-Fritz,3 years,2023-07-24,7
143,film,148,Keep subject light follow everyone. Bag involve believe soldier whether environment.,187,33,Gregory-Reed,1 years,2023-08-26,7
972,season,367,Wrong executive good. Relate development speak Republican political suffer.,667,121,"Johnson, Hancock and Parks",1 years,2023-11-01,8
46,song,396,Begin because mind business foreign. Into spring work each magazine American example history.,537,328,Kim Ltd,3 years,2023-04-18,8
913,since,140,Ball pull task sister. Certainly without although above threat. Green perform agree.,920,607,Johnson-Duran,4 years,2023-12-05,8
477,several,241,If nearly green sign. Above company behind bank really. Business various international.,605,887,"Soto, Morgan and Allen",5 years,2021-09-01,2
22,tell,51,Too whose program nothing third. Like for opportunity future short site consumer.,232,587,Nielsen-Chavez,1 years,2020-08-24,2
583,team,480,Cost significant exactly good job. Walk course out series spring industry kitchen idea.,360,255,"Powell, Sanchez and Powell",5 years,2020-10-02,7
