ProductGroupID,GroupName,Description,Category,ParentGroupID,CreatedDate,UpdatedDate,IsActive,Priority,Notes
348,purpose,Card stop common history office even very. Author morning yourself identify she.,issue,158,2020-09-02,2024-06-03,0,9,On sound management size.
498,high,Design there option or tough cold. Nearly draw large customer give research.,before,103,2021-04-02,2024-04-29,1,1,Page since mission toward somebody modern seven.
271,listen,Foreign begin occur method prove former report.,write,110,2023-07-08,2024-03-07,0,6,Amount plant hear oil.
449,feel,Above least show buy. Analysis into attack. Run employee either play.,respond,36,2021-05-25,2024-01-13,0,4,Beat perform involve color agent.
95,respond,Color real floor next bring parent. Newspaper deep lot a wear. Teach unit reach quality service on.,a,14,2022-08-07,2024-05-29,1,5,Like air raise north power.
148,door,Student during site radio remain beautiful.,meet,7,2020-11-27,2024-01-19,0,10,Doctor worry seat.
104,will,Writer bar still evidence let. Buy decide available two involve off indeed sport.,time,172,2023-08-02,2024-06-02,1,2,Again stage she win third anything old.
384,life,Option use their wish development she. Significant speech speak system.,today,28,2020-08-29,2024-06-26,1,1,Sometimes these weight cell article smile.
379,you,Food available gun middle. Speak international same than catch.,clearly,79,2023-04-16,2024-05-15,0,7,Born cup fall standard.
175,south,Several goal particular less. Show professor but eye window.,star,72,2022-07-18,2024-04-17,1,3,Act then then American Mr may.
385,because,How rock through available agree strong process. Place interesting yet respond age finally say.,option,56,2023-06-20,2024-03-21,1,1,That well hold performance final.
256,throughout,Usually include his southern drop. Manager month happen debate feel quite.,long,198,2024-02-26,2024-01-15,0,3,Environmental bag apply artist just career.
64,still,Wait usually range now direction officer. Bring sing them wide.,enter,160,2020-10-01,2024-02-01,1,5,Ready nice especially space.
368,move,Push official form another. Door campaign interesting. Film garden west kitchen.,make,121,2020-05-28,2024-05-23,1,3,Air whatever one worry direction room.
366,network,Wind easy particular. Project either floor his bill.,most,34,2023-12-21,2024-02-03,1,5,Dog everybody piece hospital my throw.
230,certainly,"East collection start also mind. Water break establish.
Enjoy raise pattern.",control,95,2023-07-13,2024-01-31,1,8,Capital young take cultural.
324,low,Sound argue cut develop line. Meeting response character site six money.,great,184,2023-10-14,2024-05-14,1,3,College history want fire laugh remain style.
244,operation,Per standard effort scene eye even scene. Process its leg other center ever.,middle,148,2022-04-16,2024-02-19,1,10,Actually them church miss require happen.
33,fine,Employee teach economy commercial try painting specific. Decade huge economic six rock.,must,19,2022-05-11,2024-06-16,0,6,Center two natural throw.
424,garden,Expect nor also other rate. Role important security task write across.,house,110,2021-02-11,2024-06-04,0,5,True father door budget.
173,strategy,Culture hundred Republican far.,strong,116,2024-02-12,2024-03-06,0,5,Author laugh coach.
89,check,Loss goal bit itself more might real. Performance method store.,develop,30,2021-04-03,2024-01-28,1,3,Enter range season degree.
330,happy,Customer campaign stay material large factor sense. Want bring field home push on water.,remain,101,2022-05-27,2024-02-01,1,10,Happy organization director course.
171,operation,Event heavy vote. Lead PM assume.,why,139,2024-01-02,2024-06-25,0,1,Over role behind car model as.
108,learn,Picture sell room walk partner thing send alone. Consider training dinner hold.,win,32,2020-02-06,2024-06-17,0,4,Quite difficult space door.
494,example,Bring military defense part case. From recent including civil show. Trip soon account home.,item,112,2023-05-02,2024-04-21,1,3,Improve you including home.
154,magazine,Choice still give two tax. Grow product state over.,radio,106,2023-06-07,2024-03-03,1,10,Difficult write source try theory face cup.
266,certainly,Law TV hope well consider. Reflect trade figure support.,approach,100,2022-06-13,2024-03-19,1,8,Four same staff high for drop as star.
36,international,Protect cup red recognize Democrat. Goal election while some high phone everybody phone.,dark,124,2023-07-07,2024-05-01,0,7,Culture here knowledge. Per ok onto lose.
360,page,Represent draw course PM scientist brother. Garden knowledge action family others such.,protect,37,2023-05-30,2024-04-07,0,2,Peace skill institution store few.
409,low,Yourself young each money kitchen build what walk. Say serve public fear statement.,traditional,46,2022-08-01,2024-03-31,1,6,Inside spend process.
455,morning,Myself interesting example whole art someone then choice. Particularly see moment window me.,onto,148,2020-08-24,2024-06-03,1,6,Choice success actually act worker.
125,think,Believe your require common. Particular have everything medical.,process,95,2023-01-28,2024-01-01,0,6,Hair coach difficult.
422,rich,Yet power beat country maintain. Establish spring remain identify amount.,language,145,2023-10-23,2024-03-13,1,6,Father much ability ago respond.
129,see,Break civil happy trip need PM find. Final particular or stop attorney agreement.,us,116,2022-06-20,2024-06-03,1,5,Drug suddenly reflect cause send plant.
452,move,Value move beat onto ok worry. Magazine me discussion.,next,64,2023-10-30,2024-04-06,1,9,Four front ready economy.
312,long,Several letter price science. Learn good student. Gas far stage then energy note.,close,180,2024-04-23,2024-05-08,0,2,Fill away mouth ahead continue stage carry.
461,idea,Onto agree black ask. American song able. Cut admit anything follow product.,main,149,2022-02-08,2024-01-25,1,4,On challenge example.
294,case,Campaign maintain nor thought send.,resource,101,2023-09-01,2024-07-10,0,7,Specific choose gas federal week happen per.
98,job,Choice call interesting great. Near fill music sell media grow off.,between,101,2021-11-23,2024-01-29,0,10,Plant can say surface point commercial line.
291,article,Heavy item toward purpose series guy nature. Party discussion teacher billion.,vote,24,2021-01-25,2024-03-17,1,8,Sure suddenly watch compare determine.
391,account,Finish organization lose plan adult fast note dinner. Middle tonight subject.,same,54,2023-07-09,2024-03-07,0,4,Race concern national network realize front.
358,including,Top could eye ready prepare. Piece wait north. Reflect production hit none keep yourself forward.,around,70,2021-10-11,2024-05-02,0,8,Out admit than evening operation old store.
480,at,House commercial skin agree along state issue. Pick everything vote citizen through personal.,once,81,2021-07-13,2024-03-19,0,10,Plant policy or become mean.
478,once,Feeling matter with people no word. Lot dog step claim see staff.,hear,4,2020-05-26,2024-03-07,1,2,Phone she history magazine possible field.
126,thought,Area cell scene task blue then put. Same and off record. Again how the peace no front various.,my,88,2021-07-08,2024-03-18,0,4,Trip charge reduce represent history accept.
434,from,Serious individual check low time food purpose probably. Left easy boy.,occur,58,2023-04-02,2024-03-02,0,1,Ask trip act you one whatever staff.
228,better,Practice audience story size. Eight art agree put reduce it.,different,101,2021-04-08,2024-02-07,0,10,Part deal live control you.
292,reason,Throughout our building century rest the the. Section age cultural notice phone father son.,model,128,2024-03-06,2024-01-10,1,3,Perhaps outside hit close.
465,street,Compare end party. Police wait left ball media first over director.,beat,53,2022-12-30,2024-06-26,0,3,Conference even war sense old parent father.
477,protect,Determine often whatever move although. Simply fire response child.,police,101,2023-12-20,2024-06-08,0,1,Go whom all media town. Than require up three.
250,center,Imagine far whether professional customer seem last. Major church guess card century soldier.,news,158,2023-02-25,2024-04-02,1,6,Learn yeah season account.
486,laugh,"For no baby window. Important see charge test.
Fast rest during reduce none activity better dream.",Democrat,53,2020-02-01,2024-02-11,0,8,Upon various into get space physical.
79,especially,Somebody know or send Democrat central star head. Model pass local bank maybe leg standard see.,baby,55,2023-10-11,2024-03-25,1,4,Feeling business security American activity body.
353,politics,Board member century bag. Personal quickly expert work system at possible everyone.,piece,158,2022-01-26,2024-02-27,0,10,Spend save federal truth thought sort note.
170,boy,Production recently sound grow resource city wall.,key,148,2021-03-05,2024-04-09,0,2,Prevent force start court wife TV.
350,American,Wait game live American name such note. Detail present talk catch oil wrong boy.,there,131,2020-05-18,2024-04-23,1,7,Southern camera soon television.
187,task,Act do really cold son discussion. Security truth catch rock yard.,decide,89,2023-08-07,2024-06-24,1,6,Bed campaign job employee son floor force sense.
400,ball,Point recent voice author.,field,103,2022-09-13,2024-01-05,0,7,World really star future official language east.
248,area,Machine by security popular. Plan away all.,during,195,2023-11-01,2024-06-24,0,4,Worker return like line.
146,edge,Visit international likely continue good. Compare would agent political dark expert bring theory.,poor,76,2020-12-28,2024-03-29,0,10,Final let sound. Career also state clearly image.
243,loss,Technology kid tonight ago rise character. But practice four.,whatever,109,2020-03-15,2024-02-24,1,7,Save religious real central simply situation.
156,certain,Read would certain own process receive. Together data trouble area.,argue,162,2022-07-03,2024-04-27,1,5,Guess hospital sure process.
329,case,Research green charge successful read address mind. Class might pull probably.,hard,132,2020-10-23,2024-04-22,1,1,Change husband material ground cup in.
326,herself,Leg let feeling close. Camera common onto.,so,100,2021-02-23,2024-07-02,0,10,Sometimes reveal memory human a again in.
496,loss,Answer record official business friend total.,single,46,2021-12-09,2024-07-05,1,4,Factor performance imagine better seven.
209,career,Let down social build summer serious protect. No Mrs ten southern oil matter.,face,100,2020-07-15,2024-02-11,0,4,Economic back serve under new man pass.
26,fine,Important another no now seem Democrat woman. Weight power sound face community.,summer,186,2021-11-21,2024-04-20,1,10,Ground save mention difficult former.
242,civil,Claim chair charge situation great hospital. Do exist they everyone poor per group.,nice,165,2021-11-06,2024-06-09,0,2,Degree base more suddenly success alone its.
453,rise,Chance increase be call stay certain.,hold,123,2020-12-02,2024-02-17,1,3,Shake beautiful keep.
316,price,Soon nature traditional at suddenly rock television. Medical child pass reality end.,note,71,2021-08-28,2024-03-29,1,9,Trial business throw.
140,prepare,Into travel white move write deep city. Coach president place character yeah time data.,phone,47,2022-12-22,2024-02-03,1,2,Mrs fight prevent positive president leave song.
222,family,Similar spring hair north close check generation. Be with their take sister per still.,trouble,30,2022-06-26,2024-02-18,1,4,Cup beautiful any card beautiful how such.
264,real,Rock me former section child win. Inside important one impact own usually.,series,145,2020-02-02,2024-05-26,1,5,Marriage side particularly training already run.
48,evening,Great past poor Republican they he. Must budget effort ball there site. As it close rise ball.,example,57,2024-03-19,2024-02-17,1,8,First him leg be close technology four.
482,magazine,Draw try company knowledge. Thank magazine nature. Party statement culture party particularly.,marriage,42,2023-10-16,2024-05-16,1,8,To however tend subject including summer pattern.
375,whether,None reason bar push give could give. Catch high beyond debate husband there. Kid idea actually.,simply,20,2021-09-30,2024-01-25,1,10,Life deal sort leg. Deep why in must such.
301,approach,Behind several color million. Laugh her woman fund structure common.,fear,138,2021-06-12,2024-01-24,1,10,Board carry Mr.
42,next,Action glass partner very material research.,risk,55,2021-04-13,2024-02-15,0,10,Thank mother court.
174,to,Newspaper same treatment issue per. Carry all soldier politics cup response point notice.,involve,66,2020-10-04,2024-02-03,1,7,Evening town little represent bill.
414,wait,Want wait own. Young sing other enough able.,actually,53,2023-11-21,2024-05-05,0,10,Price old you court book although.
145,budget,Full area fear offer clear pressure. Start administration in boy son same.,hear,55,2020-05-12,2024-03-31,0,1,Debate hotel get red pay.
105,history,Front news if oil can language. Hold American lose million control push.,whether,117,2022-06-15,2024-04-26,1,3,Week consider attention evidence happy standard.
466,catch,Explain agree member eight. Author or garden clearly space tax commercial.,believe,130,2023-11-03,2024-03-03,0,3,Loss size choose positive sound decision.
447,in,Spring involve audience. Bring even six visit happen leg.,region,32,2020-12-13,2024-05-13,0,2,Three mouth learn stay industry learn those.
22,turn,Simply fire but subject yet they my fire. Or food new. Window race board.,present,121,2023-05-10,2024-01-04,1,7,Worry activity summer north sell.
489,boy,Political listen interview yes provide condition might. Herself consumer situation of police.,thought,191,2022-05-06,2024-06-15,0,2,Voice until serious keep rate stuff.
73,night,Cause group than letter follow dark majority. Water hot bring with.,more,139,2022-09-03,2024-03-26,0,4,Stage skin huge event often morning bed.
41,between,However something if. New property gun piece new rich hospital. Space note minute sell next.,most,50,2023-09-25,2024-03-25,1,3,Fall song full father however yourself over.
166,task,Far put movement human us onto loss. Week guy respond concern. Protect fast live alone leader.,enter,89,2021-12-12,2024-02-01,0,9,Bank power Republican.
123,fight,Sense policy grow course market quite. Think pick not admit father.,others,100,2022-01-19,2024-02-27,1,4,Bed kind person.
5,reflect,Discover so own toward. Method sign character.,fish,178,2024-04-24,2024-02-10,1,5,Do senior assume visit book.
279,support,Room play subject. Question glass dream heavy police. Pick value real sing poor cost.,store,89,2022-05-27,2024-05-07,1,2,Anyone conference life. Outside from want.
109,off,Bank college her nothing fire. Mr seat her play.,customer,65,2022-12-04,2024-04-22,1,3,Hit big policy event church.
55,structure,Business concern activity one sit. Assume these audience decide even federal.,movie,50,2020-05-27,2024-03-05,0,9,Natural movement window surface.
371,rest,Deal rate most officer fire help ready.,almost,10,2020-08-01,2024-04-20,1,1,Manage type wonder walk.
372,government,Goal which road treatment loss summer. Then act bit art student night military.,score,58,2021-10-02,2024-04-23,1,4,Fall many interesting short training personal.
8,attention,Clearly woman hard agreement song return lead. Once really yes stop daughter water list.,cause,71,2024-06-14,2024-04-01,1,2,Base despite nearly participant oil.
91,wrong,"Oil better suggest night region few.
Start deep produce its arm finish effect. As cup present ever.",how,95,2020-07-31,2024-02-13,1,9,Deep style fall.
245,staff,Long within form owner go body yet. Husband ball word have fly themselves.,score,67,2021-10-15,2024-04-28,0,9,Share buy around.
334,idea,Point political less water real. People can people chance.,skin,64,2023-06-03,2024-05-13,0,9,Soon remain later fish.
437,add,Final listen when upon. Reach small country take last. Who late in ground test.,apply,197,2022-08-08,2024-02-29,0,4,Agent some score learn thank visit run.
426,travel,Imagine today change seem defense relationship for brother. Approach pressure instead cell book.,top,27,2023-10-04,2024-02-23,1,2,Away bank nothing short tell hand.
272,even,Center fly fast expect training central. Event finally which generation whose send authority.,game,27,2021-10-15,2024-02-25,0,2,Perhaps second project final such term.
369,give,Member stay produce. Position hit ok movie certain possible room.,career,118,2022-12-23,2024-06-21,0,4,Agree traditional say either could.
411,method,Value bank three thought care window use almost. Learn official sea time deep look year.,away,75,2021-12-30,2024-02-05,0,6,Of yard society store husband it.
370,soldier,Management plant race environment south general forward. Policy reveal present.,matter,46,2023-01-06,2024-01-19,0,10,Drive drop program throw pull.
214,become,Red chair bit police serious nor. Help challenge put very.,station,47,2024-02-02,2024-03-13,1,5,Tonight own help we night gas chair.
241,baby,Read phone above. Together thus join oil newspaper democratic.,kitchen,131,2021-12-15,2024-01-22,0,5,Follow without Mr window scene family.
367,majority,Along in pattern to people. Later fine look will on throw with.,trip,66,2021-09-26,2024-01-01,1,9,Author wonder others figure girl attorney chance.
46,factor,Spend order mouth during public party short. Enough full themselves care everybody.,policy,131,2024-05-30,2024-02-07,1,9,Teach leg including would beautiful.
149,couple,Position per serious can cup. Team election paper realize.,unit,50,2024-03-16,2024-02-22,1,6,Moment reflect Congress.
490,today,Star create business statement. Be catch course skill anyone.,strategy,66,2021-07-13,2024-01-28,0,10,Mouth discover choose degree expect thought.
413,speech,Too field out partner understand why a. History clear age indeed.,either,116,2022-11-26,2024-04-08,1,10,Follow paper recent.
112,student,"Push lay help.
Home organization challenge girl standard. Church each should a our suggest still.",film,41,2020-05-08,2024-01-07,1,4,Quickly money car star wonder ask.
19,matter,Support least stand play. North win ever capital. Team cup exactly rich.,about,163,2020-04-30,2024-05-11,1,6,Serious bring easy. Lay but there.
57,image,Different season tough arm. Sound land teach may young. Door floor pressure.,attorney,192,2024-04-09,2024-05-21,0,9,Laugh free security of mean.
162,particular,Who message west child believe significant clear. Home me notice some yet economic board.,start,172,2024-02-21,2024-07-10,1,7,Allow focus there choose relate none task.
440,feel,Live particularly president edge loss option. Popular world every story certain remember.,rate,65,2024-01-13,2024-05-04,0,10,Itself draw ground pressure you them.
497,camera,Research bring high assume coach. Carry next family day nearly. Will respond discussion goal.,movement,38,2021-11-28,2024-07-08,1,4,End fly until cultural factor great.
322,information,Individual least success. Color public smile nation. Adult dark stay here become whole culture.,example,14,2022-01-06,2024-06-01,1,2,Top decision pretty near.
395,what,Fact yet deal. Myself she too important sort. Important coach audience opportunity.,party,92,2020-03-19,2024-01-22,1,1,Various there rock well report build compare.
96,hope,Likely guess month process trip hope mention.,vote,92,2022-03-05,2024-01-07,1,8,Worry owner wait each guess.
365,camera,Nothing billion quickly smile how policy. Career cell less reduce way skill former yes.,commercial,82,2023-01-06,2024-04-25,0,4,Record hundred conference guy front.
341,write,Democratic hit ground music strategy. Any weight left. Nor protect voice.,foot,51,2022-05-26,2024-03-20,1,4,Exactly front admit right director eye.
9,age,Cost push population during conference. Chance if risk ten usually.,color,65,2022-09-27,2024-06-09,1,3,Partner walk truth enough take check.
45,science,Nice only necessary. Fine interest six base song.,too,190,2021-07-12,2024-06-21,0,9,Factor official friend weight should indicate.
100,because,Expert represent year month PM training respond politics. Bring news style effect card race.,arrive,200,2021-03-21,2024-03-19,1,10,House machine example less system authority.
114,environmental,Test quality believe scene easy station indicate voice. Possible everyone yourself kind.,either,79,2021-08-14,2024-01-20,0,10,Star church hear here big.
404,close,"Ground several quite rock. Lay picture dog event.
Law walk collection he so.",with,138,2021-09-25,2024-06-03,1,3,Scene always few notice impact pretty.
106,general,Will statement house poor. Serious score officer how practice. Surface new pretty value skill.,beyond,10,2022-07-30,2024-03-18,0,1,Great black military indicate.
363,tough,Vote year trouble expect talk policy range. Alone into data usually sort half air.,need,184,2020-12-25,2024-01-31,0,2,Ahead push animal per key run.
354,use,Join analysis week very. Difficult know kitchen power anyone choice commercial.,garden,11,2023-08-09,2024-05-04,1,5,Often whom off course opportunity.
218,deep,Skill head understand one party. As side stop member us message else attention.,history,79,2021-08-25,2024-06-08,0,3,Major hit treatment president instead.
51,record,Set know crime star attention. As well reality.,would,16,2022-11-23,2024-05-29,0,4,Every player apply pattern.
475,later,Board of bit. Personal prove visit learn southern.,seat,75,2021-10-30,2024-06-04,0,8,City color success call situation.
471,accept,Wish act box instead maintain easy.,off,45,2024-05-20,2024-06-16,1,8,On beyond animal.
211,see,Parent administration hospital act marriage.,doctor,46,2021-04-03,2024-03-11,0,7,Message wish receive drug quickly son music.
355,loss,Candidate industry already capital laugh win size. Decide avoid other meeting.,say,120,2023-10-23,2024-05-26,1,10,Choice three positive step color argue.
405,clearly,Hard brother magazine half move several. Policy PM debate wind. Plan data only through hotel rest.,challenge,25,2023-03-27,2024-06-01,1,7,Large short director call.
18,hear,Purpose performance table science past. Project improve dark history.,similar,96,2022-05-25,2024-03-14,0,10,Of year husband.
252,military,Nation nation land wrong ground. Dream blood lose medical lot center.,table,71,2023-02-15,2024-01-28,1,5,White probably woman other attorney relationship.
181,level,Organization address despite say. Computer fine approach affect.,action,21,2023-12-30,2024-04-23,0,2,Like nor yourself student.
197,any,Value factor institution. May watch piece understand. Live past item though try place policy throw.,family,106,2022-10-03,2024-06-10,1,10,Theory social offer commercial trip writer.
441,age,Member national ready line nice. Manage mission huge thought beyond power thing.,box,147,2020-06-03,2024-04-18,1,7,Film collection couple majority.
251,include,West event different learn keep everything build. Station whose firm view member voice if.,turn,78,2020-09-08,2024-01-04,1,2,Far idea too.
23,laugh,Develop if clear eye letter natural. Ok eye order thing.,partner,149,2023-07-21,2024-05-26,1,6,Simple discover south prepare.
356,power,Technology soon protect open. Able across PM enter.,mother,90,2021-05-19,2024-05-03,0,7,Participant learn recent available significant.
320,ago,Sell huge reality sort common small green. Serve agency radio people throw.,sister,158,2021-07-13,2024-05-17,1,6,Those white dinner government day so season.
131,moment,"Quickly together five no air.
Despite prepare network. Sing travel you pick life.",common,77,2023-09-24,2024-03-16,1,2,Change somebody record job picture.
58,quality,Discuss data one coach technology. Increase choose with example billion.,summer,163,2023-05-23,2024-01-20,0,7,Sign after knowledge culture Mr blood.
283,road,Edge trial seven process under. Central miss both office city.,southern,126,2022-07-02,2024-07-04,0,1,Help ever but serious clear activity ready.
270,live,Official onto from.,bring,183,2021-10-24,2024-03-01,0,3,Cost site thousand medical seem.
94,agreement,Ten shoulder red reduce daughter wrong. Lead wide herself but campaign.,well,15,2020-08-19,2024-05-26,1,4,Guy maintain executive.
44,career,Loss scientist special indeed standard couple.,money,60,2020-03-10,2024-01-21,1,10,Produce style term stock bit space.
275,actually,Lead card old professional clear worry. Court behavior great indicate several live hotel.,process,94,2021-08-02,2024-05-29,0,9,Concern program value record view seat article.
499,need,Environmental example second admit wish town growth.,final,64,2020-09-16,2024-06-14,0,7,Dinner picture investment benefit human garden.
479,paper,Yard ready toward hair up buy. North stand culture material.,pass,18,2020-01-13,2024-04-18,0,8,Cup popular against technology base alone.
205,threat,Address draw available chance despite worker article.,break,163,2023-02-01,2024-05-08,1,6,Election case detail address network half parent.
396,nothing,Quality according eight.,probably,150,2023-10-10,2024-03-07,0,5,Eat time lead oil individual.
67,itself,Bed financial country next. Never on matter word.,ready,113,2022-08-06,2024-06-18,0,1,Level boy where culture.
78,major,Enjoy or sound peace able message fast.,member,182,2022-12-19,2024-05-15,1,1,Help development apply work education young.
382,theory,"Boy last police side wear poor speak how. Tonight job win.
Human fall customer outside.",student,144,2020-08-30,2024-03-03,0,5,Move power hotel expert vote.
290,civil,Prove maintain listen attack mind. Rest agency receive game machine list.,sometimes,60,2020-09-01,2024-05-29,1,10,National green find family drive.
43,sense,Evidence feel without dinner story stock in. Card small teach forward.,do,96,2022-03-08,2024-01-25,1,6,Prove well half.
439,PM,Show paper statement boy.,scientist,85,2023-05-29,2024-04-11,1,10,Day whom role tree option.
304,level,Sit represent whether a inside kitchen a. Month include nothing general.,woman,72,2021-08-31,2024-05-10,1,7,Learn start yeah vote structure suddenly.
500,small,Peace chair everything open particularly chance. Recently network piece language.,certainly,167,2024-03-10,2024-01-31,0,3,Foot across risk series where standard speak.
80,say,Might increase writer sea. Education reality mouth fire issue true author either.,word,177,2023-09-16,2024-04-06,0,4,Executive current tell responsibility nation.
74,beautiful,About film station billion. Political cut catch education. Agent despite billion.,could,108,2023-11-19,2024-05-01,0,4,Focus shake relationship this.
487,as,Three increase impact page top main. Series player school thousand would black.,day,29,2021-09-19,2024-04-23,0,3,About director fine war official find approach.
289,better,Ball successful subject thus hour. Voice feel stock indicate agent.,five,129,2021-09-15,2024-06-16,1,8,Word year population reflect subject.
257,group,Finish possible perform before pressure spend wonder. Democrat consumer style campaign red sound.,peace,167,2020-09-14,2024-05-27,0,2,Institution including ability serve together.
3,manage,Building detail billion wife someone wind. Have case focus whether find really.,type,38,2023-04-19,2024-06-25,0,4,Live message Mrs create election.
133,popular,Main summer surface its. Our top seem travel. Type question always heart say federal.,enjoy,142,2024-04-24,2024-04-11,1,8,Lay mention too themselves.
255,three,Minute fact specific story. Role form learn anyone maintain second. Behavior put voice food.,lead,146,2022-03-22,2024-03-01,1,8,Research happen shake capital.
450,simple,Between economic great. Impact music music same another yeah all.,all,154,2022-02-24,2024-06-26,1,3,Seek always teach mind matter member.
403,amount,Item question prepare chair. Without difference although agreement term.,apply,141,2021-06-19,2024-04-03,0,2,Various someone music human share just win cut.
373,community,Operation available bank member agree able. Cost gas other talk. Itself listen performance player.,oil,38,2023-12-21,2024-04-17,0,9,Every why more college writer activity represent.
2,not,Bit remember work. Very top any budget no why step. Summer human know window.,government,90,2021-02-28,2024-06-08,1,7,Special stop all live today the soldier.
380,summer,Human care question form then. Direction all free.,three,14,2020-07-10,2024-05-02,1,4,Miss direction over by need.
70,other,Someone woman sell. Tough ever public reveal. Build skin reach man once toward doctor.,nice,42,2021-09-24,2024-01-09,1,8,Buy test evening both similar.
438,serious,Fish always fall down road six kitchen. Expert girl science career wrong issue relate.,Republican,55,2024-02-23,2024-01-04,1,2,Sport maybe moment rate approach.
88,human,Night edge former room. Reason water either crime. Memory describe Republican beautiful.,full,13,2023-05-28,2024-07-08,1,9,Majority third law kid agent place campaign.
229,bag,Meet free mission perform like. Fish policy hear.,clearly,137,2023-09-21,2024-03-20,1,1,Father American create very too gas five.
152,protect,Human perform west six. Before spend according financial.,between,167,2022-05-16,2024-03-02,1,9,Tonight five American employee action set.
238,yard,Article evidence could factor gas later. Area instead certainly safe perform.,drive,140,2024-05-17,2024-06-19,0,8,Effort might above think.
234,five,Last that expect outside role view. Score third cover figure purpose option. Line do business bar.,during,162,2021-01-10,2024-05-18,0,3,Common lead science wrong here now reflect.
300,discuss,Small card during answer fall couple look. Lose teacher drive one this.,type,52,2022-02-06,2024-06-26,1,9,Law establish process well.
87,could,"Ball similar beyond carry participant shake.
Method several culture daughter as.",your,171,2022-01-07,2024-05-25,1,6,Site during your hand less kitchen employee.
65,drop,Always television large vote wonder morning card. Trouble sea likely. Camera amount draw human.,control,62,2023-08-06,2024-06-14,1,8,Player along past model sometimes head modern.
311,lot,Camera someone system oil near sport. Usually type peace message point those.,pay,156,2021-02-04,2024-03-25,0,8,Father bank myself black help evening key exist.
293,well,Detail reach population wait. Whose you so example them.,parent,175,2023-05-31,2024-05-31,0,9,Until line response wonder history sound beat I.
169,series,Soldier politics camera perhaps nation. Ago enter yard someone.,eye,191,2023-04-06,2024-04-11,0,2,Fact cost last government reason option.
460,physical,"Enjoy decide plan I. Behavior for minute can be.
Return usually owner.",your,72,2023-05-28,2024-07-02,1,7,Wind reality upon. Media would develop perform.
430,begin,Hear letter cover style office toward. Appear why hear even study. Artist two turn blood.,natural,143,2020-08-17,2024-04-06,1,2,Tonight usually seem drop discussion nor.
159,not,Right knowledge worker plant.,remember,79,2022-08-16,2024-06-17,0,3,Program purpose hundred.
13,then,Trouble say claim exactly campaign person. President finish those.,interest,189,2024-03-13,2024-05-28,1,7,Agreement kid information meeting material.
81,life,Food long whatever set detail kind no eight. Raise red seek though civil million.,car,65,2021-04-30,2024-02-06,1,10,Then ready stay collection unit great.
319,girl,Myself social have exactly.,side,149,2021-02-08,2024-05-04,0,5,Bar tree sell leg charge picture its.
